"","participant","order","gender","age","language","trial_type","response_type","guess_type","guess","card_type","card","logical_training","response","duration","aim","comments"
"1","anon0",1,"female","30","English","XY_XorY","quinary","XorY","catordog","XY","CATDOG","No","Kinda Right",10461,"Our perceptions on what is ""right"" and ""wrong""","No"
"2","anon0",2,"female","30","English","XY_XandY","quinary","XandY","catandele","XY","CATELE","No","Right",5668,"Our perceptions on what is ""right"" and ""wrong""","No"
"3","anon0",3,"female","30","English","XY_XandY","quinary","XandY","dogandele","XY","DOGELE","No","Right",3913,"Our perceptions on what is ""right"" and ""wrong""","No"
"4","anon0",4,"female","30","English","X_XorY","quinary","XorY","catordog","X","DOG","No","Right",3713,"Our perceptions on what is ""right"" and ""wrong""","No"
"5","anon0",5,"female","30","English","XY_Z","quinary","Z","dog","XY","CATELE","No","Wrong",4243,"Our perceptions on what is ""right"" and ""wrong""","No"
"6","anon0",6,"female","30","English","XY_X","quinary","X","ele","XY","CATELE","No","Kinda Right",8704,"Our perceptions on what is ""right"" and ""wrong""","No"
"7","anon0",7,"female","30","English","X_XorY","quinary","XorY","catorele","X","ELE","No","Kinda Right",5853,"Our perceptions on what is ""right"" and ""wrong""","No"
"8","anon0",8,"female","30","English","XY_Z","quinary","Z","ele","XY","CATDOG","No","Wrong",3016,"Our perceptions on what is ""right"" and ""wrong""","No"
"9","anon0",9,"female","30","English","X_Z","quinary","Z","ele","X","CAT","No","Wrong",4939,"Our perceptions on what is ""right"" and ""wrong""","No"
"10","anon0",10,"female","30","English","X_Z","quinary","Z","cat","X","DOG","No","Wrong",13134,"Our perceptions on what is ""right"" and ""wrong""","No"
"11","anon0",11,"female","30","English","X_X","quinary","X","cat","X","CAT","No","Right",4113,"Our perceptions on what is ""right"" and ""wrong""","No"
"12","anon0",12,"female","30","English","X_XorY","quinary","XorY","dogorele","X","ELE","No","Kinda Right",3808,"Our perceptions on what is ""right"" and ""wrong""","No"
"13","anon0",13,"female","30","English","XY_XandY","quinary","XandY","catanddog","XY","CATDOG","No","Right",4188,"Our perceptions on what is ""right"" and ""wrong""","No"
"14","anon0",14,"female","30","English","X_X","quinary","X","ele","X","ELE","No","Right",2458,"Our perceptions on what is ""right"" and ""wrong""","No"
"15","anon0",15,"female","30","English","XY_X","quinary","X","cat","XY","CATELE","No","Kinda Right",11320,"Our perceptions on what is ""right"" and ""wrong""","No"
"16","anon0",16,"female","30","English","X_Z","quinary","Z","cat","X","ELE","No","Wrong",2629,"Our perceptions on what is ""right"" and ""wrong""","No"
"17","anon0",17,"female","30","English","XY_X","quinary","X","cat","XY","CATDOG","No","Kinda Right",3157,"Our perceptions on what is ""right"" and ""wrong""","No"
"18","anon0",18,"female","30","English","XY_XorY","quinary","XorY","dogorele","XY","DOGELE","No","Kinda Wrong",4537,"Our perceptions on what is ""right"" and ""wrong""","No"
"19","anon0",19,"female","30","English","X_X","quinary","X","dog","X","DOG","No","Right",2531,"Our perceptions on what is ""right"" and ""wrong""","No"
"20","anon0",20,"female","30","English","XY_Z","quinary","Z","cat","XY","DOGELE","No","Wrong",2725,"Our perceptions on what is ""right"" and ""wrong""","No"
"21","anon0",21,"female","30","English","X_XandY","quinary","XandY","catandele","X","CAT","No","Kinda Wrong",4924,"Our perceptions on what is ""right"" and ""wrong""","No"
"22","anon0",22,"female","30","English","XY_XorY","quinary","XorY","catorele","XY","CATELE","No","Kinda Right",7349,"Our perceptions on what is ""right"" and ""wrong""","No"
"23","anon0",23,"female","30","English","X_XandY","quinary","XandY","catandele","X","ELE","No","Wrong",4181,"Our perceptions on what is ""right"" and ""wrong""","No"
"24","anon0",24,"female","30","English","X_XandY","quinary","XandY","catanddog","X","CAT","No","Wrong",3266,"Our perceptions on what is ""right"" and ""wrong""","No"
"25","anon1",1,"male","30","English","XY_Z","quinary","Z","cat","XY","DOGELE","No","Wrong",6041,"to assess perceptions of language","no"
"26","anon1",2,"male","30","English","X_Z","quinary","Z","cat","X","DOG","No","Wrong",3568,"to assess perceptions of language","no"
"27","anon1",3,"male","30","English","XY_XandY","quinary","XandY","dogandele","XY","DOGELE","No","Right",4065,"to assess perceptions of language","no"
"28","anon1",4,"male","30","English","XY_Z","quinary","Z","dog","XY","CATELE","No","Wrong",3495,"to assess perceptions of language","no"
"29","anon1",5,"male","30","English","X_X","quinary","X","cat","X","CAT","No","Right",2559,"to assess perceptions of language","no"
"30","anon1",6,"male","30","English","XY_XandY","quinary","XandY","catanddog","XY","CATDOG","No","Right",3221,"to assess perceptions of language","no"
"31","anon1",7,"male","30","English","X_X","quinary","X","dog","X","DOG","No","Right",2452,"to assess perceptions of language","no"
"32","anon1",8,"male","30","English","XY_XandY","quinary","XandY","catandele","XY","CATELE","No","Right",3473,"to assess perceptions of language","no"
"33","anon1",9,"male","30","English","X_XorY","quinary","XorY","catordog","X","CAT","No","Right",6062,"to assess perceptions of language","no"
"34","anon1",10,"male","30","English","X_XandY","quinary","XandY","dogandele","X","DOG","No","Wrong",6459,"to assess perceptions of language","no"
"35","anon1",11,"male","30","English","XY_XorY","quinary","XorY","catorele","XY","CATELE","No","Right",3228,"to assess perceptions of language","no"
"36","anon1",12,"male","30","English","XY_XorY","quinary","XorY","catordog","XY","CATDOG","No","Kinda Right",5046,"to assess perceptions of language","no"
"37","anon1",13,"male","30","English","XY_X","quinary","X","dog","XY","DOGELE","No","Kinda Right",3800,"to assess perceptions of language","no"
"38","anon1",14,"male","30","English","X_XandY","quinary","XandY","catanddog","X","DOG","No","Wrong",5854,"to assess perceptions of language","no"
"39","anon1",15,"male","30","English","X_XandY","quinary","XandY","catandele","X","CAT","No","Wrong",2865,"to assess perceptions of language","no"
"40","anon1",16,"male","30","English","XY_XorY","quinary","XorY","dogorele","XY","DOGELE","No","Kinda Right",4843,"to assess perceptions of language","no"
"41","anon1",17,"male","30","English","XY_Z","quinary","Z","ele","XY","CATDOG","No","Wrong",3011,"to assess perceptions of language","no"
"42","anon1",18,"male","30","English","X_X","quinary","X","ele","X","ELE","No","Right",2579,"to assess perceptions of language","no"
"43","anon1",19,"male","30","English","X_XorY","quinary","XorY","catorele","X","CAT","No","Right",3524,"to assess perceptions of language","no"
"44","anon1",20,"male","30","English","X_Z","quinary","Z","dog","X","ELE","No","Wrong",4004,"to assess perceptions of language","no"
"45","anon1",21,"male","30","English","XY_X","quinary","X","ele","XY","DOGELE","No","Kinda Right",4923,"to assess perceptions of language","no"
"46","anon1",22,"male","30","English","X_Z","quinary","Z","ele","X","DOG","No","Wrong",2650,"to assess perceptions of language","no"
"47","anon1",23,"male","30","English","XY_X","quinary","X","cat","XY","CATELE","No","Kinda Right",4213,"to assess perceptions of language","no"
"48","anon1",24,"male","30","English","X_XorY","quinary","XorY","catorele","X","ELE","No","Right",3173,"to assess perceptions of language","no"
"49","anon10",1,"female","59","english","XY_XandY","quinary","XandY","catanddog","XY","CATDOG","No","Right",11432,"I have no idea","no"
"50","anon10",2,"female","59","english","X_XorY","quinary","XorY","catorele","X","ELE","No","Right",9183,"I have no idea","no"
"51","anon10",3,"female","59","english","X_XorY","quinary","XorY","dogorele","X","DOG","No","Right",4096,"I have no idea","no"
"52","anon10",4,"female","59","english","XY_X","quinary","X","dog","XY","DOGELE","No","Kinda Right",5017,"I have no idea","no"
"53","anon10",5,"female","59","english","XY_XandY","quinary","XandY","dogandele","XY","DOGELE","No","Right",4145,"I have no idea","no"
"54","anon10",6,"female","59","english","XY_XandY","quinary","XandY","catandele","XY","CATELE","No","Right",5679,"I have no idea","no"
"55","anon10",7,"female","59","english","X_X","quinary","X","dog","X","DOG","No","Right",3080,"I have no idea","no"
"56","anon10",8,"female","59","english","X_X","quinary","X","ele","X","ELE","No","Right",2904,"I have no idea","no"
"57","anon10",9,"female","59","english","XY_X","quinary","X","ele","XY","CATELE","No","Kinda Right",3944,"I have no idea","no"
"58","anon10",10,"female","59","english","XY_XorY","quinary","XorY","catordog","XY","CATDOG","No","Kinda Right",4801,"I have no idea","no"
"59","anon10",11,"female","59","english","X_Z","quinary","Z","cat","X","ELE","No","Wrong",3647,"I have no idea","no"
"60","anon10",12,"female","59","english","X_XorY","quinary","XorY","catordog","X","CAT","No","Right",5840,"I have no idea","no"
"61","anon10",13,"female","59","english","X_XandY","quinary","XandY","dogandele","X","DOG","No","Kinda Wrong",9017,"I have no idea","no"
"62","anon10",14,"female","59","english","XY_Z","quinary","Z","ele","XY","CATDOG","No","Wrong",3208,"I have no idea","no"
"63","anon10",15,"female","59","english","X_XandY","quinary","XandY","catandele","X","CAT","No","Kinda Wrong",5479,"I have no idea","no"
"64","anon10",16,"female","59","english","X_X","quinary","X","cat","X","CAT","No","Right",3928,"I have no idea","no"
"65","anon10",17,"female","59","english","X_XandY","quinary","XandY","catanddog","X","DOG","No","Kinda Right",5680,"I have no idea","no"
"66","anon10",18,"female","59","english","XY_X","quinary","X","cat","XY","CATDOG","No","Kinda Right",3745,"I have no idea","no"
"67","anon10",19,"female","59","english","X_Z","quinary","Z","dog","X","ELE","No","Wrong",3135,"I have no idea","no"
"68","anon10",20,"female","59","english","XY_XorY","quinary","XorY","catorele","XY","CATELE","No","Kinda Right",8583,"I have no idea","no"
"69","anon10",21,"female","59","english","XY_Z","quinary","Z","cat","XY","DOGELE","No","Wrong",3409,"I have no idea","no"
"70","anon10",22,"female","59","english","XY_Z","quinary","Z","dog","XY","CATELE","No","Wrong",2887,"I have no idea","no"
"71","anon10",23,"female","59","english","X_Z","quinary","Z","ele","X","DOG","No","Wrong",2688,"I have no idea","no"
"72","anon10",24,"female","59","english","XY_XorY","quinary","XorY","dogorele","XY","DOGELE","No","Neither",9161,"I have no idea","no"
"73","anon11",1,"female","22","English","X_XorY","true-false","XorY","catorele","X","ELE","No","True",16232,"Understanding perceptions of english",""
"74","anon11",2,"female","22","English","X_X","true-false","X","dog","X","DOG","No","True",3500,"Understanding perceptions of english",""
"75","anon11",3,"female","22","English","X_X","true-false","X","cat","X","CAT","No","True",3080,"Understanding perceptions of english",""
"76","anon11",4,"female","22","English","X_Z","true-false","Z","cat","X","DOG","No","False",1950,"Understanding perceptions of english",""
"77","anon11",5,"female","22","English","XY_XandY","true-false","XandY","dogandele","XY","DOGELE","No","True",3340,"Understanding perceptions of english",""
"78","anon11",6,"female","22","English","X_XandY","true-false","XandY","dogandele","X","DOG","No","False",2344,"Understanding perceptions of english",""
"79","anon11",7,"female","22","English","XY_XorY","true-false","XorY","dogorele","XY","DOGELE","No","True",4311,"Understanding perceptions of english",""
"80","anon11",8,"female","22","English","XY_XorY","true-false","XorY","catordog","XY","CATDOG","No","True",2730,"Understanding perceptions of english",""
"81","anon11",9,"female","22","English","X_XorY","true-false","XorY","catordog","X","CAT","No","True",2124,"Understanding perceptions of english",""
"82","anon11",10,"female","22","English","XY_XandY","true-false","XandY","catanddog","XY","CATDOG","No","True",2679,"Understanding perceptions of english",""
"83","anon11",11,"female","22","English","X_Z","true-false","Z","ele","X","CAT","No","False",1647,"Understanding perceptions of english",""
"84","anon11",12,"female","22","English","XY_XandY","true-false","XandY","catandele","XY","CATELE","No","True",2327,"Understanding perceptions of english",""
"85","anon11",13,"female","22","English","XY_Z","true-false","Z","dog","XY","CATELE","No","False",1792,"Understanding perceptions of english",""
"86","anon11",14,"female","22","English","XY_X","true-false","X","cat","XY","CATDOG","No","True",1584,"Understanding perceptions of english",""
"87","anon11",15,"female","22","English","X_XandY","true-false","XandY","catandele","X","CAT","No","False",1805,"Understanding perceptions of english",""
"88","anon11",16,"female","22","English","XY_XorY","true-false","XorY","catorele","XY","CATELE","No","True",2458,"Understanding perceptions of english",""
"89","anon11",17,"female","22","English","XY_Z","true-false","Z","cat","XY","DOGELE","No","False",1689,"Understanding perceptions of english",""
"90","anon11",18,"female","22","English","X_XorY","true-false","XorY","dogorele","X","DOG","No","True",2233,"Understanding perceptions of english",""
"91","anon11",19,"female","22","English","X_XandY","true-false","XandY","catanddog","X","CAT","No","False",1552,"Understanding perceptions of english",""
"92","anon11",20,"female","22","English","X_Z","true-false","Z","ele","X","DOG","No","False",1541,"Understanding perceptions of english",""
"93","anon11",21,"female","22","English","XY_Z","true-false","Z","ele","XY","CATDOG","No","False",2986,"Understanding perceptions of english",""
"94","anon11",22,"female","22","English","X_X","true-false","X","ele","X","ELE","No","True",1375,"Understanding perceptions of english",""
"95","anon11",23,"female","22","English","XY_X","true-false","X","cat","XY","CATELE","No","True",1695,"Understanding perceptions of english",""
"96","anon11",24,"female","22","English","XY_X","true-false","X","ele","XY","DOGELE","No","True",2793,"Understanding perceptions of english",""
"97","anon12",1,"female","36","English","X_X","true-false","X","cat","X","CAT","Yes","True",3708,"I dont know","I did not have any technical problems during the survey. Have a terrific day!"
"98","anon12",2,"female","36","English","X_Z","true-false","Z","ele","X","CAT","Yes","False",2528,"I dont know","I did not have any technical problems during the survey. Have a terrific day!"
"99","anon12",3,"female","36","English","X_XandY","true-false","XandY","catanddog","X","CAT","Yes","False",2166,"I dont know","I did not have any technical problems during the survey. Have a terrific day!"
"100","anon12",4,"female","36","English","XY_XorY","true-false","XorY","dogorele","XY","DOGELE","Yes","True",5363,"I dont know","I did not have any technical problems during the survey. Have a terrific day!"
"101","anon12",5,"female","36","English","XY_XandY","true-false","XandY","dogandele","XY","DOGELE","Yes","True",3849,"I dont know","I did not have any technical problems during the survey. Have a terrific day!"
"102","anon12",6,"female","36","English","XY_X","true-false","X","dog","XY","CATDOG","Yes","True",3576,"I dont know","I did not have any technical problems during the survey. Have a terrific day!"
"103","anon12",7,"female","36","English","X_XandY","true-false","XandY","dogandele","X","DOG","Yes","False",2785,"I dont know","I did not have any technical problems during the survey. Have a terrific day!"
"104","anon12",8,"female","36","English","XY_Z","true-false","Z","cat","XY","DOGELE","Yes","False",1863,"I dont know","I did not have any technical problems during the survey. Have a terrific day!"
"105","anon12",9,"female","36","English","XY_X","true-false","X","ele","XY","CATELE","Yes","True",2927,"I dont know","I did not have any technical problems during the survey. Have a terrific day!"
"106","anon12",10,"female","36","English","X_Z","true-false","Z","dog","X","ELE","Yes","False",2880,"I dont know","I did not have any technical problems during the survey. Have a terrific day!"
"107","anon12",11,"female","36","English","XY_X","true-false","X","ele","XY","DOGELE","Yes","True",2109,"I dont know","I did not have any technical problems during the survey. Have a terrific day!"
"108","anon12",12,"female","36","English","X_X","true-false","X","dog","X","DOG","Yes","True",1653,"I dont know","I did not have any technical problems during the survey. Have a terrific day!"
"109","anon12",13,"female","36","English","X_XorY","true-false","XorY","catordog","X","CAT","Yes","True",3411,"I dont know","I did not have any technical problems during the survey. Have a terrific day!"
"110","anon12",14,"female","36","English","XY_Z","true-false","Z","dog","XY","CATELE","Yes","False",2131,"I dont know","I did not have any technical problems during the survey. Have a terrific day!"
"111","anon12",15,"female","36","English","XY_XorY","true-false","XorY","catorele","XY","CATELE","Yes","True",2780,"I dont know","I did not have any technical problems during the survey. Have a terrific day!"
"112","anon12",16,"female","36","English","XY_XorY","true-false","XorY","catordog","XY","CATDOG","Yes","True",3957,"I dont know","I did not have any technical problems during the survey. Have a terrific day!"
"113","anon12",17,"female","36","English","XY_Z","true-false","Z","ele","XY","CATDOG","Yes","False",2070,"I dont know","I did not have any technical problems during the survey. Have a terrific day!"
"114","anon12",18,"female","36","English","X_Z","true-false","Z","dog","X","CAT","Yes","False",2872,"I dont know","I did not have any technical problems during the survey. Have a terrific day!"
"115","anon12",19,"female","36","English","X_XorY","true-false","XorY","dogorele","X","ELE","Yes","True",2008,"I dont know","I did not have any technical problems during the survey. Have a terrific day!"
"116","anon12",20,"female","36","English","X_XandY","true-false","XandY","dogandele","X","ELE","Yes","False",2447,"I dont know","I did not have any technical problems during the survey. Have a terrific day!"
"117","anon12",21,"female","36","English","X_XorY","true-false","XorY","catordog","X","DOG","Yes","True",2295,"I dont know","I did not have any technical problems during the survey. Have a terrific day!"
"118","anon12",22,"female","36","English","XY_XandY","true-false","XandY","catanddog","XY","CATDOG","Yes","True",3919,"I dont know","I did not have any technical problems during the survey. Have a terrific day!"
"119","anon12",23,"female","36","English","X_X","true-false","X","ele","X","ELE","Yes","True",1725,"I dont know","I did not have any technical problems during the survey. Have a terrific day!"
"120","anon12",24,"female","36","English","XY_XandY","true-false","XandY","catandele","XY","CATELE","Yes","True",4466,"I dont know","I did not have any technical problems during the survey. Have a terrific day!"
"121","anon13",1,"female","35","English","XY_Z","quinary","Z","cat","XY","DOGELE","Yes","Neither",4578,"to see how we'd interpret the and/or answers",""
"122","anon13",2,"female","35","English","XY_XandY","quinary","XandY","dogandele","XY","DOGELE","Yes","Right",6217,"to see how we'd interpret the and/or answers",""
"123","anon13",3,"female","35","English","XY_XorY","quinary","XorY","catordog","XY","CATDOG","Yes","Kinda Wrong",11353,"to see how we'd interpret the and/or answers",""
"124","anon13",4,"female","35","English","XY_X","quinary","X","cat","XY","CATELE","Yes","Kinda Right",2874,"to see how we'd interpret the and/or answers",""
"125","anon13",5,"female","35","English","X_XandY","quinary","XandY","catanddog","X","CAT","Yes","Wrong",2786,"to see how we'd interpret the and/or answers",""
"126","anon13",6,"female","35","English","XY_Z","quinary","Z","dog","XY","CATELE","Yes","Wrong",2329,"to see how we'd interpret the and/or answers",""
"127","anon13",7,"female","35","English","X_X","quinary","X","cat","X","CAT","Yes","Right",1898,"to see how we'd interpret the and/or answers",""
"128","anon13",8,"female","35","English","X_Z","quinary","Z","dog","X","ELE","Yes","Wrong",2234,"to see how we'd interpret the and/or answers",""
"129","anon13",9,"female","35","English","X_X","quinary","X","dog","X","DOG","Yes","Right",1656,"to see how we'd interpret the and/or answers",""
"130","anon13",10,"female","35","English","XY_XandY","quinary","XandY","catandele","XY","CATELE","Yes","Right",3111,"to see how we'd interpret the and/or answers",""
"131","anon13",11,"female","35","English","XY_XorY","quinary","XorY","dogorele","XY","DOGELE","Yes","Kinda Wrong",6187,"to see how we'd interpret the and/or answers",""
"132","anon13",12,"female","35","English","X_X","quinary","X","ele","X","ELE","Yes","Right",1752,"to see how we'd interpret the and/or answers",""
"133","anon13",13,"female","35","English","X_Z","quinary","Z","ele","X","DOG","Yes","Wrong",1762,"to see how we'd interpret the and/or answers",""
"134","anon13",14,"female","35","English","XY_XandY","quinary","XandY","catanddog","XY","CATDOG","Yes","Right",2089,"to see how we'd interpret the and/or answers",""
"135","anon13",15,"female","35","English","X_XorY","quinary","XorY","dogorele","X","DOG","Yes","Kinda Right",4994,"to see how we'd interpret the and/or answers",""
"136","anon13",16,"female","35","English","X_XandY","quinary","XandY","dogandele","X","DOG","Yes","Wrong",3047,"to see how we'd interpret the and/or answers",""
"137","anon13",17,"female","35","English","XY_XorY","quinary","XorY","catorele","XY","CATELE","Yes","Kinda Right",6231,"to see how we'd interpret the and/or answers",""
"138","anon13",18,"female","35","English","X_XorY","quinary","XorY","catordog","X","CAT","Yes","Kinda Right",9896,"to see how we'd interpret the and/or answers",""
"139","anon13",19,"female","35","English","XY_Z","quinary","Z","ele","XY","CATDOG","Yes","Wrong",1898,"to see how we'd interpret the and/or answers",""
"140","anon13",20,"female","35","English","X_XandY","quinary","XandY","dogandele","X","ELE","Yes","Wrong",2959,"to see how we'd interpret the and/or answers",""
"141","anon13",21,"female","35","English","XY_X","quinary","X","ele","XY","DOGELE","Yes","Kinda Right",5970,"to see how we'd interpret the and/or answers",""
"142","anon13",22,"female","35","English","X_XorY","quinary","XorY","catorele","X","ELE","Yes","Kinda Right",6754,"to see how we'd interpret the and/or answers",""
"143","anon13",23,"female","35","English","XY_X","quinary","X","cat","XY","CATDOG","Yes","Kinda Wrong",4688,"to see how we'd interpret the and/or answers",""
"144","anon13",24,"female","35","English","X_Z","quinary","Z","ele","X","CAT","Yes","Wrong",2233,"to see how we'd interpret the and/or answers",""
"145","anon14",1,"male","25","English","X_X","true-false","X","cat","X","CAT","No","True",4729,"To see how we view the wording of a sentence and would respond (or, and, etc)","No issues. Thank you! Quick and easy!"
"146","anon14",2,"male","25","English","X_XorY","true-false","XorY","dogorele","X","ELE","No","True",4047,"To see how we view the wording of a sentence and would respond (or, and, etc)","No issues. Thank you! Quick and easy!"
"147","anon14",3,"male","25","English","X_Z","true-false","Z","cat","X","ELE","No","False",3033,"To see how we view the wording of a sentence and would respond (or, and, etc)","No issues. Thank you! Quick and easy!"
"148","anon14",4,"male","25","English","XY_XorY","true-false","XorY","catorele","XY","CATELE","No","True",14209,"To see how we view the wording of a sentence and would respond (or, and, etc)","No issues. Thank you! Quick and easy!"
"149","anon14",5,"male","25","English","XY_Z","true-false","Z","dog","XY","CATELE","No","False",4786,"To see how we view the wording of a sentence and would respond (or, and, etc)","No issues. Thank you! Quick and easy!"
"150","anon14",6,"male","25","English","XY_XandY","true-false","XandY","dogandele","XY","DOGELE","No","True",4488,"To see how we view the wording of a sentence and would respond (or, and, etc)","No issues. Thank you! Quick and easy!"
"151","anon14",7,"male","25","English","X_Z","true-false","Z","dog","X","CAT","No","False",2074,"To see how we view the wording of a sentence and would respond (or, and, etc)","No issues. Thank you! Quick and easy!"
"152","anon14",8,"male","25","English","XY_X","true-false","X","cat","XY","CATELE","No","True",3544,"To see how we view the wording of a sentence and would respond (or, and, etc)","No issues. Thank you! Quick and easy!"
"153","anon14",9,"male","25","English","XY_XandY","true-false","XandY","catandele","XY","CATELE","No","True",3249,"To see how we view the wording of a sentence and would respond (or, and, etc)","No issues. Thank you! Quick and easy!"
"154","anon14",10,"male","25","English","X_XorY","true-false","XorY","dogorele","X","DOG","No","True",3793,"To see how we view the wording of a sentence and would respond (or, and, etc)","No issues. Thank you! Quick and easy!"
"155","anon14",11,"male","25","English","XY_X","true-false","X","cat","XY","CATDOG","No","True",13402,"To see how we view the wording of a sentence and would respond (or, and, etc)","No issues. Thank you! Quick and easy!"
"156","anon14",12,"male","25","English","X_XorY","true-false","XorY","catordog","X","CAT","No","True",2280,"To see how we view the wording of a sentence and would respond (or, and, etc)","No issues. Thank you! Quick and easy!"
"157","anon14",13,"male","25","English","X_XandY","true-false","XandY","catandele","X","CAT","No","False",14225,"To see how we view the wording of a sentence and would respond (or, and, etc)","No issues. Thank you! Quick and easy!"
"158","anon14",14,"male","25","English","X_Z","true-false","Z","ele","X","CAT","No","False",2081,"To see how we view the wording of a sentence and would respond (or, and, etc)","No issues. Thank you! Quick and easy!"
"159","anon14",15,"male","25","English","X_XandY","true-false","XandY","catanddog","X","DOG","No","False",183089,"To see how we view the wording of a sentence and would respond (or, and, etc)","No issues. Thank you! Quick and easy!"
"160","anon14",16,"male","25","English","XY_Z","true-false","Z","cat","XY","DOGELE","No","False",1823,"To see how we view the wording of a sentence and would respond (or, and, etc)","No issues. Thank you! Quick and easy!"
"161","anon14",17,"male","25","English","XY_Z","true-false","Z","ele","XY","CATDOG","No","False",4088,"To see how we view the wording of a sentence and would respond (or, and, etc)","No issues. Thank you! Quick and easy!"
"162","anon14",18,"male","25","English","XY_X","true-false","X","dog","XY","DOGELE","No","True",1897,"To see how we view the wording of a sentence and would respond (or, and, etc)","No issues. Thank you! Quick and easy!"
"163","anon14",19,"male","25","English","X_XandY","true-false","XandY","dogandele","X","DOG","No","False",2017,"To see how we view the wording of a sentence and would respond (or, and, etc)","No issues. Thank you! Quick and easy!"
"164","anon14",20,"male","25","English","XY_XorY","true-false","XorY","dogorele","XY","DOGELE","No","False",3432,"To see how we view the wording of a sentence and would respond (or, and, etc)","No issues. Thank you! Quick and easy!"
"165","anon14",21,"male","25","English","X_X","true-false","X","dog","X","DOG","No","True",1424,"To see how we view the wording of a sentence and would respond (or, and, etc)","No issues. Thank you! Quick and easy!"
"166","anon14",22,"male","25","English","XY_XorY","true-false","XorY","catordog","XY","CATDOG","No","False",2833,"To see how we view the wording of a sentence and would respond (or, and, etc)","No issues. Thank you! Quick and easy!"
"167","anon14",23,"male","25","English","XY_XandY","true-false","XandY","catanddog","XY","CATDOG","No","True",1546,"To see how we view the wording of a sentence and would respond (or, and, etc)","No issues. Thank you! Quick and easy!"
"168","anon14",24,"male","25","English","X_X","true-false","X","ele","X","ELE","No","True",1344,"To see how we view the wording of a sentence and would respond (or, and, etc)","No issues. Thank you! Quick and easy!"
"169","anon15",1,"male","49","English","X_Z","true-false","Z","ele","X","DOG","No","False",4119,"To see how people would interpret the questions. ","No problems. Thank you. "
"170","anon15",2,"male","49","English","XY_X","true-false","X","ele","XY","DOGELE","No","True",4801,"To see how people would interpret the questions. ","No problems. Thank you. "
"171","anon15",3,"male","49","English","X_XandY","true-false","XandY","catandele","X","ELE","No","False",3952,"To see how people would interpret the questions. ","No problems. Thank you. "
"172","anon15",4,"male","49","English","X_XorY","true-false","XorY","catorele","X","CAT","No","True",3862,"To see how people would interpret the questions. ","No problems. Thank you. "
"173","anon15",5,"male","49","English","X_X","true-false","X","ele","X","ELE","No","True",2473,"To see how people would interpret the questions. ","No problems. Thank you. "
"174","anon15",6,"male","49","English","X_Z","true-false","Z","dog","X","ELE","No","False",1981,"To see how people would interpret the questions. ","No problems. Thank you. "
"175","anon15",7,"male","49","English","X_X","true-false","X","cat","X","CAT","No","True",1948,"To see how people would interpret the questions. ","No problems. Thank you. "
"176","anon15",8,"male","49","English","XY_XandY","true-false","XandY","catanddog","XY","CATDOG","No","True",4501,"To see how people would interpret the questions. ","No problems. Thank you. "
"177","anon15",9,"male","49","English","XY_XandY","true-false","XandY","dogandele","XY","DOGELE","No","True",2484,"To see how people would interpret the questions. ","No problems. Thank you. "
"178","anon15",10,"male","49","English","XY_X","true-false","X","cat","XY","CATELE","No","True",3488,"To see how people would interpret the questions. ","No problems. Thank you. "
"179","anon15",11,"male","49","English","XY_Z","true-false","Z","cat","XY","DOGELE","No","False",2360,"To see how people would interpret the questions. ","No problems. Thank you. "
"180","anon15",12,"male","49","English","X_X","true-false","X","dog","X","DOG","No","True",1600,"To see how people would interpret the questions. ","No problems. Thank you. "
"181","anon15",13,"male","49","English","XY_XorY","true-false","XorY","catorele","XY","CATELE","No","False",7251,"To see how people would interpret the questions. ","No problems. Thank you. "
"182","anon15",14,"male","49","English","XY_Z","true-false","Z","dog","XY","CATELE","No","False",2746,"To see how people would interpret the questions. ","No problems. Thank you. "
"183","anon15",15,"male","49","English","XY_X","true-false","X","dog","XY","CATDOG","No","True",1832,"To see how people would interpret the questions. ","No problems. Thank you. "
"184","anon15",16,"male","49","English","X_Z","true-false","Z","ele","X","CAT","No","False",1790,"To see how people would interpret the questions. ","No problems. Thank you. "
"185","anon15",17,"male","49","English","XY_XorY","true-false","XorY","catordog","XY","CATDOG","No","False",4256,"To see how people would interpret the questions. ","No problems. Thank you. "
"186","anon15",18,"male","49","English","X_XorY","true-false","XorY","dogorele","X","ELE","No","True",2695,"To see how people would interpret the questions. ","No problems. Thank you. "
"187","anon15",19,"male","49","English","XY_XandY","true-false","XandY","catandele","XY","CATELE","No","True",3194,"To see how people would interpret the questions. ","No problems. Thank you. "
"188","anon15",20,"male","49","English","XY_XorY","true-false","XorY","dogorele","XY","DOGELE","No","False",2707,"To see how people would interpret the questions. ","No problems. Thank you. "
"189","anon15",21,"male","49","English","X_XorY","true-false","XorY","catordog","X","DOG","No","True",2358,"To see how people would interpret the questions. ","No problems. Thank you. "
"190","anon15",22,"male","49","English","XY_Z","true-false","Z","ele","XY","CATDOG","No","False",2088,"To see how people would interpret the questions. ","No problems. Thank you. "
"191","anon15",23,"male","49","English","X_XandY","true-false","XandY","catanddog","X","DOG","No","False",3831,"To see how people would interpret the questions. ","No problems. Thank you. "
"192","anon15",24,"male","49","English","X_XandY","true-false","XandY","dogandele","X","ELE","No","False",2906,"To see how people would interpret the questions. ","No problems. Thank you. "
"193","anon16",1,"female","26","English","XY_Z","quinary","Z","ele","XY","CATDOG","No","Wrong",4718,"perceptions of right and wrong","no issues"
"194","anon16",2,"female","26","English","XY_X","quinary","X","ele","XY","DOGELE","No","Right",10497,"perceptions of right and wrong","no issues"
"195","anon16",3,"female","26","English","X_XorY","quinary","XorY","dogorele","X","DOG","No","Wrong",54654,"perceptions of right and wrong","no issues"
"196","anon16",4,"female","26","English","XY_X","quinary","X","cat","XY","CATDOG","No","Right",34335,"perceptions of right and wrong","no issues"
"197","anon16",5,"female","26","English","X_X","quinary","X","cat","X","CAT","No","Right",2743,"perceptions of right and wrong","no issues"
"198","anon16",6,"female","26","English","X_Z","quinary","Z","dog","X","ELE","No","Wrong",2664,"perceptions of right and wrong","no issues"
"199","anon16",7,"female","26","English","XY_XandY","quinary","XandY","catandele","XY","CATELE","No","Right",3395,"perceptions of right and wrong","no issues"
"200","anon16",8,"female","26","English","X_X","quinary","X","dog","X","DOG","No","Right",3729,"perceptions of right and wrong","no issues"
"201","anon16",9,"female","26","English","X_XorY","quinary","XorY","catordog","X","CAT","No","Right",4647,"perceptions of right and wrong","no issues"
"202","anon16",10,"female","26","English","XY_X","quinary","X","cat","XY","CATELE","No","Right",2569,"perceptions of right and wrong","no issues"
"203","anon16",11,"female","26","English","X_XandY","quinary","XandY","catanddog","X","CAT","No","Kinda Right",3151,"perceptions of right and wrong","no issues"
"204","anon16",12,"female","26","English","XY_Z","quinary","Z","cat","XY","DOGELE","No","Wrong",3704,"perceptions of right and wrong","no issues"
"205","anon16",13,"female","26","English","XY_XandY","quinary","XandY","catanddog","XY","CATDOG","No","Right",3575,"perceptions of right and wrong","no issues"
"206","anon16",14,"female","26","English","XY_XorY","quinary","XorY","catorele","XY","CATELE","No","Right",2579,"perceptions of right and wrong","no issues"
"207","anon16",15,"female","26","English","X_Z","quinary","Z","cat","X","DOG","No","Wrong",2511,"perceptions of right and wrong","no issues"
"208","anon16",16,"female","26","English","X_X","quinary","X","ele","X","ELE","No","Right",3006,"perceptions of right and wrong","no issues"
"209","anon16",17,"female","26","English","X_XandY","quinary","XandY","dogandele","X","ELE","No","Kinda Right",2696,"perceptions of right and wrong","no issues"
"210","anon16",18,"female","26","English","X_Z","quinary","Z","dog","X","CAT","No","Wrong",2296,"perceptions of right and wrong","no issues"
"211","anon16",19,"female","26","English","XY_XandY","quinary","XandY","dogandele","XY","DOGELE","No","Right",2598,"perceptions of right and wrong","no issues"
"212","anon16",20,"female","26","English","XY_XorY","quinary","XorY","dogorele","XY","DOGELE","No","Kinda Right",4594,"perceptions of right and wrong","no issues"
"213","anon16",21,"female","26","English","XY_XorY","quinary","XorY","catordog","XY","CATDOG","No","Kinda Right",4078,"perceptions of right and wrong","no issues"
"214","anon16",22,"female","26","English","X_XorY","quinary","XorY","catordog","X","DOG","No","Right",2638,"perceptions of right and wrong","no issues"
"215","anon16",23,"female","26","English","XY_Z","quinary","Z","dog","XY","CATELE","No","Wrong",2544,"perceptions of right and wrong","no issues"
"216","anon16",24,"female","26","English","X_XandY","quinary","XandY","catandele","X","ELE","No","Kinda Right",5391,"perceptions of right and wrong","no issues"
"217","anon17",1,"male","23","English","XY_X","quinary","X","dog","XY","DOGELE","No","Right",3202,"It was about perceptions.",""
"218","anon17",2,"male","23","English","X_XandY","quinary","XandY","catandele","X","CAT","No","Wrong",4221,"It was about perceptions.",""
"219","anon17",3,"male","23","English","XY_Z","quinary","Z","dog","XY","CATELE","No","Wrong",3833,"It was about perceptions.",""
"220","anon17",4,"male","23","English","X_Z","quinary","Z","dog","X","ELE","No","Wrong",1808,"It was about perceptions.",""
"221","anon17",5,"male","23","English","XY_X","quinary","X","dog","XY","CATDOG","No","Kinda Right",2664,"It was about perceptions.",""
"222","anon17",6,"male","23","English","X_X","quinary","X","dog","X","DOG","No","Right",1505,"It was about perceptions.",""
"223","anon17",7,"male","23","English","XY_Z","quinary","Z","ele","XY","CATDOG","No","Wrong",2242,"It was about perceptions.",""
"224","anon17",8,"male","23","English","X_XandY","quinary","XandY","catanddog","X","DOG","No","Wrong",5984,"It was about perceptions.",""
"225","anon17",9,"male","23","English","X_Z","quinary","Z","ele","X","CAT","No","Wrong",1616,"It was about perceptions.",""
"226","anon17",10,"male","23","English","X_XorY","quinary","XorY","dogorele","X","ELE","No","Wrong",2545,"It was about perceptions.",""
"227","anon17",11,"male","23","English","X_XorY","quinary","XorY","catorele","X","CAT","No","Right",3601,"It was about perceptions.",""
"228","anon17",12,"male","23","English","X_X","quinary","X","ele","X","ELE","No","Right",2313,"It was about perceptions.",""
"229","anon17",13,"male","23","English","XY_XandY","quinary","XandY","dogandele","XY","DOGELE","No","Right",2984,"It was about perceptions.",""
"230","anon17",14,"male","23","English","XY_XandY","quinary","XandY","catandele","XY","CATELE","No","Right",2922,"It was about perceptions.",""
"231","anon17",15,"male","23","English","X_X","quinary","X","cat","X","CAT","No","Right",1337,"It was about perceptions.",""
"232","anon17",16,"male","23","English","X_XandY","quinary","XandY","catandele","X","ELE","No","Wrong",2089,"It was about perceptions.",""
"233","anon17",17,"male","23","English","XY_XandY","quinary","XandY","catanddog","XY","CATDOG","No","Right",3416,"It was about perceptions.",""
"234","anon17",18,"male","23","English","X_XorY","quinary","XorY","catordog","X","CAT","No","Right",2825,"It was about perceptions.",""
"235","anon17",19,"male","23","English","XY_Z","quinary","Z","cat","XY","DOGELE","No","Wrong",4097,"It was about perceptions.",""
"236","anon17",20,"male","23","English","XY_XorY","quinary","XorY","catorele","XY","CATELE","No","Kinda Wrong",3552,"It was about perceptions.",""
"237","anon17",21,"male","23","English","XY_XorY","quinary","XorY","catordog","XY","CATDOG","No","Kinda Wrong",3057,"It was about perceptions.",""
"238","anon17",22,"male","23","English","XY_X","quinary","X","cat","XY","CATELE","No","Kinda Right",2473,"It was about perceptions.",""
"239","anon17",23,"male","23","English","XY_XorY","quinary","XorY","dogorele","XY","DOGELE","No","Kinda Right",4296,"It was about perceptions.",""
"240","anon17",24,"male","23","English","X_Z","quinary","Z","ele","X","DOG","No","Wrong",1872,"It was about perceptions.",""
"241","anon18",1,"male","27","English","X_XorY","true-false","XorY","catorele","X","CAT","Yes","True",3825,"I don't know",""
"242","anon18",2,"male","27","English","X_XandY","true-false","XandY","catanddog","X","CAT","Yes","False",2560,"I don't know",""
"243","anon18",3,"male","27","English","X_XandY","true-false","XandY","catandele","X","CAT","Yes","False",1784,"I don't know",""
"244","anon18",4,"male","27","English","XY_XandY","true-false","XandY","catanddog","XY","CATDOG","Yes","True",2170,"I don't know",""
"245","anon18",5,"male","27","English","X_XorY","true-false","XorY","catordog","X","CAT","Yes","True",1849,"I don't know",""
"246","anon18",6,"male","27","English","X_X","true-false","X","dog","X","DOG","Yes","True",3608,"I don't know",""
"247","anon18",7,"male","27","English","XY_X","true-false","X","cat","XY","CATDOG","Yes","True",2618,"I don't know",""
"248","anon18",8,"male","27","English","XY_XorY","true-false","XorY","catordog","XY","CATDOG","Yes","False",2897,"I don't know",""
"249","anon18",9,"male","27","English","XY_X","true-false","X","ele","XY","DOGELE","Yes","True",3497,"I don't know",""
"250","anon18",10,"male","27","English","XY_Z","true-false","Z","ele","XY","CATDOG","Yes","False",2504,"I don't know",""
"251","anon18",11,"male","27","English","X_Z","true-false","Z","ele","X","CAT","Yes","False",1658,"I don't know",""
"252","anon18",12,"male","27","English","XY_XandY","true-false","XandY","catandele","XY","CATELE","Yes","True",2393,"I don't know",""
"253","anon18",13,"male","27","English","XY_X","true-false","X","dog","XY","DOGELE","Yes","True",1537,"I don't know",""
"254","anon18",14,"male","27","English","XY_XorY","true-false","XorY","catorele","XY","CATELE","Yes","False",2777,"I don't know",""
"255","anon18",15,"male","27","English","XY_XorY","true-false","XorY","dogorele","XY","DOGELE","Yes","False",3251,"I don't know",""
"256","anon18",16,"male","27","English","X_XandY","true-false","XandY","dogandele","X","ELE","Yes","False",3687,"I don't know",""
"257","anon18",17,"male","27","English","X_Z","true-false","Z","dog","X","ELE","Yes","False",1584,"I don't know",""
"258","anon18",18,"male","27","English","X_X","true-false","X","ele","X","ELE","Yes","True",2153,"I don't know",""
"259","anon18",19,"male","27","English","XY_XandY","true-false","XandY","dogandele","XY","DOGELE","Yes","True",2034,"I don't know",""
"260","anon18",20,"male","27","English","X_Z","true-false","Z","ele","X","DOG","Yes","False",1562,"I don't know",""
"261","anon18",21,"male","27","English","X_X","true-false","X","cat","X","CAT","Yes","True",2450,"I don't know",""
"262","anon18",22,"male","27","English","XY_Z","true-false","Z","cat","XY","DOGELE","Yes","False",1369,"I don't know",""
"263","anon18",23,"male","27","English","X_XorY","true-false","XorY","catorele","X","ELE","Yes","True",2137,"I don't know",""
"264","anon18",24,"male","27","English","XY_Z","true-false","Z","dog","XY","CATELE","Yes","False",3026,"I don't know",""
"265","anon19",1,"male","43","English","XY_XorY","quinary","XorY","catordog","XY","CATDOG","No","Kinda Right",28870,"I really didn't think about it because it doesn't concern me. I'll leave the experiment and its goal to you guys. ","No issues. Thank you for letting me participate. "
"266","anon19",2,"male","43","English","XY_Z","quinary","Z","dog","XY","CATELE","No","Wrong",3773,"I really didn't think about it because it doesn't concern me. I'll leave the experiment and its goal to you guys. ","No issues. Thank you for letting me participate. "
"267","anon19",3,"male","43","English","X_XorY","quinary","XorY","catorele","X","ELE","No","Right",3088,"I really didn't think about it because it doesn't concern me. I'll leave the experiment and its goal to you guys. ","No issues. Thank you for letting me participate. "
"268","anon19",4,"male","43","English","X_XandY","quinary","XandY","catanddog","X","DOG","No","Wrong",2884,"I really didn't think about it because it doesn't concern me. I'll leave the experiment and its goal to you guys. ","No issues. Thank you for letting me participate. "
"269","anon19",5,"male","43","English","X_XorY","quinary","XorY","catordog","X","DOG","No","Right",2967,"I really didn't think about it because it doesn't concern me. I'll leave the experiment and its goal to you guys. ","No issues. Thank you for letting me participate. "
"270","anon19",6,"male","43","English","X_X","quinary","X","dog","X","DOG","No","Right",2048,"I really didn't think about it because it doesn't concern me. I'll leave the experiment and its goal to you guys. ","No issues. Thank you for letting me participate. "
"271","anon19",7,"male","43","English","X_Z","quinary","Z","dog","X","CAT","No","Wrong",2881,"I really didn't think about it because it doesn't concern me. I'll leave the experiment and its goal to you guys. ","No issues. Thank you for letting me participate. "
"272","anon19",8,"male","43","English","X_XandY","quinary","XandY","catandele","X","ELE","No","Wrong",24113,"I really didn't think about it because it doesn't concern me. I'll leave the experiment and its goal to you guys. ","No issues. Thank you for letting me participate. "
"273","anon19",9,"male","43","English","XY_X","quinary","X","ele","XY","CATELE","No","Right",5640,"I really didn't think about it because it doesn't concern me. I'll leave the experiment and its goal to you guys. ","No issues. Thank you for letting me participate. "
"274","anon19",10,"male","43","English","X_Z","quinary","Z","ele","X","CAT","No","Wrong",2678,"I really didn't think about it because it doesn't concern me. I'll leave the experiment and its goal to you guys. ","No issues. Thank you for letting me participate. "
"275","anon19",11,"male","43","English","XY_XandY","quinary","XandY","catandele","XY","CATELE","No","Right",3057,"I really didn't think about it because it doesn't concern me. I'll leave the experiment and its goal to you guys. ","No issues. Thank you for letting me participate. "
"276","anon19",12,"male","43","English","XY_X","quinary","X","cat","XY","CATDOG","No","Kinda Right",5170,"I really didn't think about it because it doesn't concern me. I'll leave the experiment and its goal to you guys. ","No issues. Thank you for letting me participate. "
"277","anon19",13,"male","43","English","XY_XorY","quinary","XorY","catorele","XY","CATELE","No","Kinda Right",6525,"I really didn't think about it because it doesn't concern me. I'll leave the experiment and its goal to you guys. ","No issues. Thank you for letting me participate. "
"278","anon19",14,"male","43","English","XY_X","quinary","X","dog","XY","CATDOG","No","Kinda Right",2391,"I really didn't think about it because it doesn't concern me. I'll leave the experiment and its goal to you guys. ","No issues. Thank you for letting me participate. "
"279","anon19",15,"male","43","English","XY_XandY","quinary","XandY","dogandele","XY","DOGELE","No","Right",2713,"I really didn't think about it because it doesn't concern me. I'll leave the experiment and its goal to you guys. ","No issues. Thank you for letting me participate. "
"280","anon19",16,"male","43","English","XY_Z","quinary","Z","cat","XY","DOGELE","No","Wrong",2771,"I really didn't think about it because it doesn't concern me. I'll leave the experiment and its goal to you guys. ","No issues. Thank you for letting me participate. "
"281","anon19",17,"male","43","English","XY_XandY","quinary","XandY","catanddog","XY","CATDOG","No","Right",2817,"I really didn't think about it because it doesn't concern me. I'll leave the experiment and its goal to you guys. ","No issues. Thank you for letting me participate. "
"282","anon19",18,"male","43","English","X_XandY","quinary","XandY","catanddog","X","CAT","No","Wrong",3079,"I really didn't think about it because it doesn't concern me. I'll leave the experiment and its goal to you guys. ","No issues. Thank you for letting me participate. "
"283","anon19",19,"male","43","English","XY_Z","quinary","Z","ele","XY","CATDOG","No","Wrong",2549,"I really didn't think about it because it doesn't concern me. I'll leave the experiment and its goal to you guys. ","No issues. Thank you for letting me participate. "
"284","anon19",20,"male","43","English","XY_XorY","quinary","XorY","dogorele","XY","DOGELE","No","Right",6634,"I really didn't think about it because it doesn't concern me. I'll leave the experiment and its goal to you guys. ","No issues. Thank you for letting me participate. "
"285","anon19",21,"male","43","English","X_X","quinary","X","cat","X","CAT","No","Right",1697,"I really didn't think about it because it doesn't concern me. I'll leave the experiment and its goal to you guys. ","No issues. Thank you for letting me participate. "
"286","anon19",22,"male","43","English","X_XorY","quinary","XorY","dogorele","X","ELE","No","Right",3393,"I really didn't think about it because it doesn't concern me. I'll leave the experiment and its goal to you guys. ","No issues. Thank you for letting me participate. "
"287","anon19",23,"male","43","English","X_X","quinary","X","ele","X","ELE","No","Right",2134,"I really didn't think about it because it doesn't concern me. I'll leave the experiment and its goal to you guys. ","No issues. Thank you for letting me participate. "
"288","anon19",24,"male","43","English","X_Z","quinary","Z","cat","X","ELE","No","Wrong",2303,"I really didn't think about it because it doesn't concern me. I'll leave the experiment and its goal to you guys. ","No issues. Thank you for letting me participate. "
"289","anon2",1,"female","61","English","XY_XandY","true-false","XandY","catandele","XY","CATELE","No","True",9805,"To see if I understand the wording of a phrase.","No problems"
"290","anon2",2,"female","61","English","XY_XandY","true-false","XandY","dogandele","XY","DOGELE","No","True",5032,"To see if I understand the wording of a phrase.","No problems"
"291","anon2",3,"female","61","English","X_XorY","true-false","XorY","dogorele","X","DOG","No","True",7371,"To see if I understand the wording of a phrase.","No problems"
"292","anon2",4,"female","61","English","XY_XorY","true-false","XorY","catorele","XY","CATELE","No","False",17387,"To see if I understand the wording of a phrase.","No problems"
"293","anon2",5,"female","61","English","XY_X","true-false","X","cat","XY","CATELE","No","False",7697,"To see if I understand the wording of a phrase.","No problems"
"294","anon2",6,"female","61","English","XY_X","true-false","X","dog","XY","DOGELE","No","False",3432,"To see if I understand the wording of a phrase.","No problems"
"295","anon2",7,"female","61","English","XY_Z","true-false","Z","dog","XY","CATELE","No","False",4178,"To see if I understand the wording of a phrase.","No problems"
"296","anon2",8,"female","61","English","X_XorY","true-false","XorY","catordog","X","CAT","No","True",14041,"To see if I understand the wording of a phrase.","No problems"
"297","anon2",9,"female","61","English","X_XorY","true-false","XorY","catorele","X","CAT","No","True",3601,"To see if I understand the wording of a phrase.","No problems"
"298","anon2",10,"female","61","English","X_XandY","true-false","XandY","catanddog","X","DOG","No","False",4353,"To see if I understand the wording of a phrase.","No problems"
"299","anon2",11,"female","61","English","X_Z","true-false","Z","ele","X","CAT","No","False",3488,"To see if I understand the wording of a phrase.","No problems"
"300","anon2",12,"female","61","English","X_X","true-false","X","ele","X","ELE","No","True",3417,"To see if I understand the wording of a phrase.","No problems"
"301","anon2",13,"female","61","English","X_Z","true-false","Z","cat","X","ELE","No","False",2850,"To see if I understand the wording of a phrase.","No problems"
"302","anon2",14,"female","61","English","XY_Z","true-false","Z","ele","XY","CATDOG","No","False",4104,"To see if I understand the wording of a phrase.","No problems"
"303","anon2",15,"female","61","English","XY_X","true-false","X","ele","XY","DOGELE","No","False",5264,"To see if I understand the wording of a phrase.","No problems"
"304","anon2",16,"female","61","English","X_X","true-false","X","dog","X","DOG","No","True",2906,"To see if I understand the wording of a phrase.","No problems"
"305","anon2",17,"female","61","English","XY_XandY","true-false","XandY","catanddog","XY","CATDOG","No","True",4360,"To see if I understand the wording of a phrase.","No problems"
"306","anon2",18,"female","61","English","XY_XorY","true-false","XorY","catordog","XY","CATDOG","No","False",5152,"To see if I understand the wording of a phrase.","No problems"
"307","anon2",19,"female","61","English","XY_Z","true-false","Z","cat","XY","DOGELE","No","False",2856,"To see if I understand the wording of a phrase.","No problems"
"308","anon2",20,"female","61","English","X_XandY","true-false","XandY","dogandele","X","DOG","No","False",4736,"To see if I understand the wording of a phrase.","No problems"
"309","anon2",21,"female","61","English","X_X","true-false","X","cat","X","CAT","No","True",3289,"To see if I understand the wording of a phrase.","No problems"
"310","anon2",22,"female","61","English","X_Z","true-false","Z","dog","X","ELE","No","False",2641,"To see if I understand the wording of a phrase.","No problems"
"311","anon2",23,"female","61","English","X_XandY","true-false","XandY","catandele","X","ELE","No","False",3866,"To see if I understand the wording of a phrase.","No problems"
"312","anon2",24,"female","61","English","XY_XorY","true-false","XorY","dogorele","XY","DOGELE","No","False",6647,"To see if I understand the wording of a phrase.","No problems"
"313","anon3",1,"male","25","ENglish","X_XorY","true-false","XorY","dogorele","X","DOG","No","True",4443,"human behavior",""
"314","anon3",2,"male","25","ENglish","XY_Z","true-false","Z","cat","XY","DOGELE","No","False",2070,"human behavior",""
"315","anon3",3,"male","25","ENglish","X_XandY","true-false","XandY","dogandele","X","DOG","No","False",2566,"human behavior",""
"316","anon3",4,"male","25","ENglish","XY_XorY","true-false","XorY","dogorele","XY","DOGELE","No","True",7636,"human behavior",""
"317","anon3",5,"male","25","ENglish","X_XandY","true-false","XandY","catanddog","X","CAT","No","False",3444,"human behavior",""
"318","anon3",6,"male","25","ENglish","X_XandY","true-false","XandY","catandele","X","CAT","No","False",4706,"human behavior",""
"319","anon3",7,"male","25","ENglish","X_Z","true-false","Z","cat","X","DOG","No","False",2277,"human behavior",""
"320","anon3",8,"male","25","ENglish","XY_XorY","true-false","XorY","catorele","XY","CATELE","No","True",2717,"human behavior",""
"321","anon3",9,"male","25","ENglish","X_Z","true-false","Z","dog","X","ELE","No","False",1813,"human behavior",""
"322","anon3",10,"male","25","ENglish","XY_XandY","true-false","XandY","dogandele","XY","DOGELE","No","True",2773,"human behavior",""
"323","anon3",11,"male","25","ENglish","X_XorY","true-false","XorY","catorele","X","CAT","No","True",2473,"human behavior",""
"324","anon3",12,"male","25","ENglish","XY_X","true-false","X","ele","XY","CATELE","No","True",2349,"human behavior",""
"325","anon3",13,"male","25","ENglish","X_X","true-false","X","ele","X","ELE","No","True",1560,"human behavior",""
"326","anon3",14,"male","25","ENglish","X_X","true-false","X","dog","X","DOG","No","True",1518,"human behavior",""
"327","anon3",15,"male","25","ENglish","XY_X","true-false","X","cat","XY","CATELE","No","True",15163,"human behavior",""
"328","anon3",16,"male","25","ENglish","X_XorY","true-false","XorY","catordog","X","CAT","No","True",1915,"human behavior",""
"329","anon3",17,"male","25","ENglish","XY_Z","true-false","Z","dog","XY","CATELE","No","False",2343,"human behavior",""
"330","anon3",18,"male","25","ENglish","X_X","true-false","X","cat","X","CAT","No","True",1490,"human behavior",""
"331","anon3",19,"male","25","ENglish","XY_X","true-false","X","cat","XY","CATDOG","No","True",1549,"human behavior",""
"332","anon3",20,"male","25","ENglish","XY_XandY","true-false","XandY","catandele","XY","CATELE","No","True",2293,"human behavior",""
"333","anon3",21,"male","25","ENglish","XY_Z","true-false","Z","ele","XY","CATDOG","No","False",1898,"human behavior",""
"334","anon3",22,"male","25","ENglish","X_Z","true-false","Z","ele","X","CAT","No","False",1478,"human behavior",""
"335","anon3",23,"male","25","ENglish","XY_XandY","true-false","XandY","catanddog","XY","CATDOG","No","True",2228,"human behavior",""
"336","anon3",24,"male","25","ENglish","XY_XorY","true-false","XorY","catordog","XY","CATDOG","No","True",3134,"human behavior",""
"337","anon4",1,"male","25","eng","X_X","quinary","X","cat","X","CAT","No","Kinda Wrong",1823,"0",""
"338","anon4",2,"male","25","eng","X_XandY","quinary","XandY","dogandele","X","DOG","No","Wrong",2934,"0",""
"339","anon4",3,"male","25","eng","X_X","quinary","X","dog","X","DOG","No","Right",1975,"0",""
"340","anon4",4,"male","25","eng","XY_Z","quinary","Z","ele","XY","CATDOG","No","Wrong",2874,"0",""
"341","anon4",5,"male","25","eng","XY_XorY","quinary","XorY","catordog","XY","CATDOG","No","Kinda Right",25895,"0",""
"342","anon4",6,"male","25","eng","XY_X","quinary","X","ele","XY","CATELE","No","Kinda Right",19302,"0",""
"343","anon4",7,"male","25","eng","XY_Z","quinary","Z","dog","XY","CATELE","No","Wrong",2470,"0",""
"344","anon4",8,"male","25","eng","XY_X","quinary","X","dog","XY","CATDOG","No","Right",1789,"0",""
"345","anon4",9,"male","25","eng","X_XorY","quinary","XorY","catordog","X","DOG","No","Kinda Right",2174,"0",""
"346","anon4",10,"male","25","eng","X_Z","quinary","Z","dog","X","ELE","No","Right",7525,"0",""
"347","anon4",11,"male","25","eng","XY_XandY","quinary","XandY","catanddog","XY","CATDOG","No","Right",2465,"0",""
"348","anon4",12,"male","25","eng","X_X","quinary","X","ele","X","ELE","No","Right",1719,"0",""
"349","anon4",13,"male","25","eng","XY_Z","quinary","Z","cat","XY","DOGELE","No","Wrong",8470,"0",""
"350","anon4",14,"male","25","eng","XY_XandY","quinary","XandY","catandele","XY","CATELE","No","Right",3567,"0",""
"351","anon4",15,"male","25","eng","X_XandY","quinary","XandY","catanddog","X","DOG","No","Wrong",4293,"0",""
"352","anon4",16,"male","25","eng","X_XorY","quinary","XorY","catordog","X","CAT","No","Right",3071,"0",""
"353","anon4",17,"male","25","eng","X_Z","quinary","Z","cat","X","ELE","No","Wrong",1873,"0",""
"354","anon4",18,"male","25","eng","XY_XorY","quinary","XorY","catorele","XY","CATELE","No","Kinda Right",4448,"0",""
"355","anon4",19,"male","25","eng","X_Z","quinary","Z","ele","X","CAT","No","Wrong",2330,"0",""
"356","anon4",20,"male","25","eng","X_XorY","quinary","XorY","catorele","X","ELE","No","Right",3561,"0",""
"357","anon4",21,"male","25","eng","XY_X","quinary","X","cat","XY","CATELE","No","Right",1813,"0",""
"358","anon4",22,"male","25","eng","X_XandY","quinary","XandY","dogandele","X","ELE","No","Wrong",2419,"0",""
"359","anon4",23,"male","25","eng","XY_XorY","quinary","XorY","dogorele","XY","DOGELE","No","Right",2880,"0",""
"360","anon4",24,"male","25","eng","XY_XandY","quinary","XandY","dogandele","XY","DOGELE","No","Right",3701,"0",""
"361","anon5",1,"male","59","English","X_X","quinary","X","cat","X","CAT","No","Right",8016,"unsure",""
"362","anon5",2,"male","59","English","XY_Z","quinary","Z","ele","XY","CATDOG","No","Wrong",5682,"unsure",""
"363","anon5",3,"male","59","English","X_XandY","quinary","XandY","catanddog","X","DOG","No","Wrong",7350,"unsure",""
"364","anon5",4,"male","59","English","X_X","quinary","X","ele","X","ELE","No","Right",4067,"unsure",""
"365","anon5",5,"male","59","English","X_XandY","quinary","XandY","catanddog","X","CAT","No","Wrong",4533,"unsure",""
"366","anon5",6,"male","59","English","XY_XorY","quinary","XorY","catordog","XY","CATDOG","No","Kinda Right",7154,"unsure",""
"367","anon5",7,"male","59","English","XY_X","quinary","X","dog","XY","DOGELE","No","Right",6413,"unsure",""
"368","anon5",8,"male","59","English","XY_XandY","quinary","XandY","catandele","XY","CATELE","No","Right",4952,"unsure",""
"369","anon5",9,"male","59","English","X_XorY","quinary","XorY","dogorele","X","DOG","No","Right",6036,"unsure",""
"370","anon5",10,"male","59","English","XY_XorY","quinary","XorY","dogorele","XY","DOGELE","No","Kinda Wrong",14878,"unsure",""
"371","anon5",11,"male","59","English","XY_Z","quinary","Z","dog","XY","CATELE","No","Wrong",5367,"unsure",""
"372","anon5",12,"male","59","English","X_X","quinary","X","dog","X","DOG","No","Right",3726,"unsure",""
"373","anon5",13,"male","59","English","X_XorY","quinary","XorY","catorele","X","CAT","No","Right",5136,"unsure",""
"374","anon5",14,"male","59","English","XY_XandY","quinary","XandY","dogandele","XY","DOGELE","No","Right",4797,"unsure",""
"375","anon5",15,"male","59","English","X_Z","quinary","Z","ele","X","DOG","No","Wrong",3888,"unsure",""
"376","anon5",16,"male","59","English","XY_X","quinary","X","cat","XY","CATDOG","No","Right",4482,"unsure",""
"377","anon5",17,"male","59","English","X_Z","quinary","Z","dog","X","CAT","No","Wrong",3866,"unsure",""
"378","anon5",18,"male","59","English","XY_XandY","quinary","XandY","catanddog","XY","CATDOG","No","Right",4633,"unsure",""
"379","anon5",19,"male","59","English","X_XandY","quinary","XandY","catandele","X","ELE","No","Wrong",4331,"unsure",""
"380","anon5",20,"male","59","English","X_Z","quinary","Z","cat","X","ELE","No","Wrong",3600,"unsure",""
"381","anon5",21,"male","59","English","XY_XorY","quinary","XorY","catorele","XY","CATELE","No","Kinda Wrong",12295,"unsure",""
"382","anon5",22,"male","59","English","X_XorY","quinary","XorY","catordog","X","DOG","No","Right",9386,"unsure",""
"383","anon5",23,"male","59","English","XY_Z","quinary","Z","cat","XY","DOGELE","No","Wrong",4270,"unsure",""
"384","anon5",24,"male","59","English","XY_X","quinary","X","ele","XY","DOGELE","No","Right",4415,"unsure",""
"385","anon6",1,"female","27","English","XY_XandY","true-false","XandY","catandele","XY","CATELE","No","False",10690,"I'm not sure","The first image did not load. I just clicked false to move on to see what would happen on the next. I was about to return the HIT when I thought about right clicking where the picture should be, and when I did, it gave me the option to open the image in a new tab. That worked, and when I went back to the HIT tab, the images finally started to load on their own. I was able to complete the HIT fine after that. "
"386","anon6",2,"female","27","English","X_XandY","true-false","XandY","catanddog","X","CAT","No","False",34630,"I'm not sure","The first image did not load. I just clicked false to move on to see what would happen on the next. I was about to return the HIT when I thought about right clicking where the picture should be, and when I did, it gave me the option to open the image in a new tab. That worked, and when I went back to the HIT tab, the images finally started to load on their own. I was able to complete the HIT fine after that. "
"387","anon6",3,"female","27","English","XY_XorY","true-false","XorY","catorele","XY","CATELE","No","True",5424,"I'm not sure","The first image did not load. I just clicked false to move on to see what would happen on the next. I was about to return the HIT when I thought about right clicking where the picture should be, and when I did, it gave me the option to open the image in a new tab. That worked, and when I went back to the HIT tab, the images finally started to load on their own. I was able to complete the HIT fine after that. "
"388","anon6",4,"female","27","English","X_XandY","true-false","XandY","catandele","X","ELE","No","False",2297,"I'm not sure","The first image did not load. I just clicked false to move on to see what would happen on the next. I was about to return the HIT when I thought about right clicking where the picture should be, and when I did, it gave me the option to open the image in a new tab. That worked, and when I went back to the HIT tab, the images finally started to load on their own. I was able to complete the HIT fine after that. "
"389","anon6",5,"female","27","English","X_X","true-false","X","ele","X","ELE","No","True",1665,"I'm not sure","The first image did not load. I just clicked false to move on to see what would happen on the next. I was about to return the HIT when I thought about right clicking where the picture should be, and when I did, it gave me the option to open the image in a new tab. That worked, and when I went back to the HIT tab, the images finally started to load on their own. I was able to complete the HIT fine after that. "
"390","anon6",6,"female","27","English","XY_XandY","true-false","XandY","dogandele","XY","DOGELE","No","True",2360,"I'm not sure","The first image did not load. I just clicked false to move on to see what would happen on the next. I was about to return the HIT when I thought about right clicking where the picture should be, and when I did, it gave me the option to open the image in a new tab. That worked, and when I went back to the HIT tab, the images finally started to load on their own. I was able to complete the HIT fine after that. "
"391","anon6",7,"female","27","English","XY_X","true-false","X","cat","XY","CATDOG","No","True",1519,"I'm not sure","The first image did not load. I just clicked false to move on to see what would happen on the next. I was about to return the HIT when I thought about right clicking where the picture should be, and when I did, it gave me the option to open the image in a new tab. That worked, and when I went back to the HIT tab, the images finally started to load on their own. I was able to complete the HIT fine after that. "
"392","anon6",8,"female","27","English","X_Z","true-false","Z","dog","X","ELE","No","False",1818,"I'm not sure","The first image did not load. I just clicked false to move on to see what would happen on the next. I was about to return the HIT when I thought about right clicking where the picture should be, and when I did, it gave me the option to open the image in a new tab. That worked, and when I went back to the HIT tab, the images finally started to load on their own. I was able to complete the HIT fine after that. "
"393","anon6",9,"female","27","English","XY_Z","true-false","Z","cat","XY","DOGELE","No","False",1984,"I'm not sure","The first image did not load. I just clicked false to move on to see what would happen on the next. I was about to return the HIT when I thought about right clicking where the picture should be, and when I did, it gave me the option to open the image in a new tab. That worked, and when I went back to the HIT tab, the images finally started to load on their own. I was able to complete the HIT fine after that. "
"394","anon6",10,"female","27","English","XY_XorY","true-false","XorY","catordog","XY","CATDOG","No","True",2584,"I'm not sure","The first image did not load. I just clicked false to move on to see what would happen on the next. I was about to return the HIT when I thought about right clicking where the picture should be, and when I did, it gave me the option to open the image in a new tab. That worked, and when I went back to the HIT tab, the images finally started to load on their own. I was able to complete the HIT fine after that. "
"395","anon6",11,"female","27","English","X_XandY","true-false","XandY","dogandele","X","DOG","No","False",3650,"I'm not sure","The first image did not load. I just clicked false to move on to see what would happen on the next. I was about to return the HIT when I thought about right clicking where the picture should be, and when I did, it gave me the option to open the image in a new tab. That worked, and when I went back to the HIT tab, the images finally started to load on their own. I was able to complete the HIT fine after that. "
"396","anon6",12,"female","27","English","X_X","true-false","X","cat","X","CAT","No","True",1664,"I'm not sure","The first image did not load. I just clicked false to move on to see what would happen on the next. I was about to return the HIT when I thought about right clicking where the picture should be, and when I did, it gave me the option to open the image in a new tab. That worked, and when I went back to the HIT tab, the images finally started to load on their own. I was able to complete the HIT fine after that. "
"397","anon6",13,"female","27","English","X_Z","true-false","Z","ele","X","CAT","No","False",1401,"I'm not sure","The first image did not load. I just clicked false to move on to see what would happen on the next. I was about to return the HIT when I thought about right clicking where the picture should be, and when I did, it gave me the option to open the image in a new tab. That worked, and when I went back to the HIT tab, the images finally started to load on their own. I was able to complete the HIT fine after that. "
"398","anon6",14,"female","27","English","X_XorY","true-false","XorY","catordog","X","DOG","No","True",1911,"I'm not sure","The first image did not load. I just clicked false to move on to see what would happen on the next. I was about to return the HIT when I thought about right clicking where the picture should be, and when I did, it gave me the option to open the image in a new tab. That worked, and when I went back to the HIT tab, the images finally started to load on their own. I was able to complete the HIT fine after that. "
"399","anon6",15,"female","27","English","XY_Z","true-false","Z","ele","XY","CATDOG","No","False",1769,"I'm not sure","The first image did not load. I just clicked false to move on to see what would happen on the next. I was about to return the HIT when I thought about right clicking where the picture should be, and when I did, it gave me the option to open the image in a new tab. That worked, and when I went back to the HIT tab, the images finally started to load on their own. I was able to complete the HIT fine after that. "
"400","anon6",16,"female","27","English","XY_Z","true-false","Z","dog","XY","CATELE","No","False",3297,"I'm not sure","The first image did not load. I just clicked false to move on to see what would happen on the next. I was about to return the HIT when I thought about right clicking where the picture should be, and when I did, it gave me the option to open the image in a new tab. That worked, and when I went back to the HIT tab, the images finally started to load on their own. I was able to complete the HIT fine after that. "
"401","anon6",17,"female","27","English","XY_X","true-false","X","dog","XY","DOGELE","No","True",2026,"I'm not sure","The first image did not load. I just clicked false to move on to see what would happen on the next. I was about to return the HIT when I thought about right clicking where the picture should be, and when I did, it gave me the option to open the image in a new tab. That worked, and when I went back to the HIT tab, the images finally started to load on their own. I was able to complete the HIT fine after that. "
"402","anon6",18,"female","27","English","XY_XandY","true-false","XandY","catanddog","XY","CATDOG","No","True",1865,"I'm not sure","The first image did not load. I just clicked false to move on to see what would happen on the next. I was about to return the HIT when I thought about right clicking where the picture should be, and when I did, it gave me the option to open the image in a new tab. That worked, and when I went back to the HIT tab, the images finally started to load on their own. I was able to complete the HIT fine after that. "
"403","anon6",19,"female","27","English","X_Z","true-false","Z","cat","X","DOG","No","False",1970,"I'm not sure","The first image did not load. I just clicked false to move on to see what would happen on the next. I was about to return the HIT when I thought about right clicking where the picture should be, and when I did, it gave me the option to open the image in a new tab. That worked, and when I went back to the HIT tab, the images finally started to load on their own. I was able to complete the HIT fine after that. "
"404","anon6",20,"female","27","English","XY_X","true-false","X","cat","XY","CATELE","No","True",9246,"I'm not sure","The first image did not load. I just clicked false to move on to see what would happen on the next. I was about to return the HIT when I thought about right clicking where the picture should be, and when I did, it gave me the option to open the image in a new tab. That worked, and when I went back to the HIT tab, the images finally started to load on their own. I was able to complete the HIT fine after that. "
"405","anon6",21,"female","27","English","X_XorY","true-false","XorY","dogorele","X","ELE","No","True",1824,"I'm not sure","The first image did not load. I just clicked false to move on to see what would happen on the next. I was about to return the HIT when I thought about right clicking where the picture should be, and when I did, it gave me the option to open the image in a new tab. That worked, and when I went back to the HIT tab, the images finally started to load on their own. I was able to complete the HIT fine after that. "
"406","anon6",22,"female","27","English","X_XorY","true-false","XorY","catordog","X","CAT","No","True",1401,"I'm not sure","The first image did not load. I just clicked false to move on to see what would happen on the next. I was about to return the HIT when I thought about right clicking where the picture should be, and when I did, it gave me the option to open the image in a new tab. That worked, and when I went back to the HIT tab, the images finally started to load on their own. I was able to complete the HIT fine after that. "
"407","anon6",23,"female","27","English","XY_XorY","true-false","XorY","dogorele","XY","DOGELE","No","True",1391,"I'm not sure","The first image did not load. I just clicked false to move on to see what would happen on the next. I was about to return the HIT when I thought about right clicking where the picture should be, and when I did, it gave me the option to open the image in a new tab. That worked, and when I went back to the HIT tab, the images finally started to load on their own. I was able to complete the HIT fine after that. "
"408","anon6",24,"female","27","English","X_X","true-false","X","dog","X","DOG","No","True",1513,"I'm not sure","The first image did not load. I just clicked false to move on to see what would happen on the next. I was about to return the HIT when I thought about right clicking where the picture should be, and when I did, it gave me the option to open the image in a new tab. That worked, and when I went back to the HIT tab, the images finally started to load on their own. I was able to complete the HIT fine after that. "
"409","anon7",1,"male","23","English","X_XorY","quinary","XorY","catorele","X","ELE","No","Right",41153,"difference of kinda right and right or kinda wrong and wrong",""
"410","anon7",2,"male","23","English","X_X","quinary","X","dog","X","DOG","No","Right",4536,"difference of kinda right and right or kinda wrong and wrong",""
"411","anon7",3,"male","23","English","XY_Z","quinary","Z","dog","XY","CATELE","No","Wrong",24953,"difference of kinda right and right or kinda wrong and wrong",""
"412","anon7",4,"male","23","English","XY_X","quinary","X","cat","XY","CATDOG","No","Kinda Right",5824,"difference of kinda right and right or kinda wrong and wrong",""
"413","anon7",5,"male","23","English","X_XorY","quinary","XorY","catordog","X","DOG","No","Right",5529,"difference of kinda right and right or kinda wrong and wrong",""
"414","anon7",6,"male","23","English","XY_XandY","quinary","XandY","dogandele","XY","DOGELE","No","Right",4337,"difference of kinda right and right or kinda wrong and wrong",""
"415","anon7",7,"male","23","English","X_Z","quinary","Z","dog","X","CAT","No","Wrong",2536,"difference of kinda right and right or kinda wrong and wrong",""
"416","anon7",8,"male","23","English","XY_XorY","quinary","XorY","catorele","XY","CATELE","No","Right",3017,"difference of kinda right and right or kinda wrong and wrong",""
"417","anon7",9,"male","23","English","X_XandY","quinary","XandY","dogandele","X","ELE","No","Kinda Right",6231,"difference of kinda right and right or kinda wrong and wrong",""
"418","anon7",10,"male","23","English","X_XandY","quinary","XandY","catandele","X","ELE","No","Kinda Right",4601,"difference of kinda right and right or kinda wrong and wrong",""
"419","anon7",11,"male","23","English","X_X","quinary","X","ele","X","ELE","No","Right",2112,"difference of kinda right and right or kinda wrong and wrong",""
"420","anon7",12,"male","23","English","XY_Z","quinary","Z","cat","XY","DOGELE","No","Wrong",2784,"difference of kinda right and right or kinda wrong and wrong",""
"421","anon7",13,"male","23","English","XY_XorY","quinary","XorY","dogorele","XY","DOGELE","No","Right",7127,"difference of kinda right and right or kinda wrong and wrong",""
"422","anon7",14,"male","23","English","X_Z","quinary","Z","cat","X","DOG","No","Wrong",2194,"difference of kinda right and right or kinda wrong and wrong",""
"423","anon7",15,"male","23","English","XY_Z","quinary","Z","ele","XY","CATDOG","No","Wrong",3481,"difference of kinda right and right or kinda wrong and wrong",""
"424","anon7",16,"male","23","English","XY_XandY","quinary","XandY","catanddog","XY","CATDOG","No","Right",2753,"difference of kinda right and right or kinda wrong and wrong",""
"425","anon7",17,"male","23","English","XY_X","quinary","X","ele","XY","CATELE","No","Kinda Right",5353,"difference of kinda right and right or kinda wrong and wrong",""
"426","anon7",18,"male","23","English","XY_X","quinary","X","ele","XY","DOGELE","No","Kinda Right",2704,"difference of kinda right and right or kinda wrong and wrong",""
"427","anon7",19,"male","23","English","X_XandY","quinary","XandY","catanddog","X","DOG","No","Kinda Right",2801,"difference of kinda right and right or kinda wrong and wrong",""
"428","anon7",20,"male","23","English","XY_XandY","quinary","XandY","catandele","XY","CATELE","No","Right",3368,"difference of kinda right and right or kinda wrong and wrong",""
"429","anon7",21,"male","23","English","X_XorY","quinary","XorY","catordog","X","CAT","No","Right",3048,"difference of kinda right and right or kinda wrong and wrong",""
"430","anon7",22,"male","23","English","X_X","quinary","X","cat","X","CAT","No","Right",2120,"difference of kinda right and right or kinda wrong and wrong",""
"431","anon7",23,"male","23","English","X_Z","quinary","Z","ele","X","DOG","No","Wrong",2561,"difference of kinda right and right or kinda wrong and wrong",""
"432","anon7",24,"male","23","English","XY_XorY","quinary","XorY","catordog","XY","CATDOG","No","Right",2817,"difference of kinda right and right or kinda wrong and wrong",""
"433","anon8",1,"male","50","English","X_Z","true-false","Z","dog","X","CAT","No","False",6392,"Not really sure","Everything appeared to work well."
"434","anon8",2,"male","50","English","XY_XorY","true-false","XorY","catorele","XY","CATELE","No","True",6297,"Not really sure","Everything appeared to work well."
"435","anon8",3,"male","50","English","XY_Z","true-false","Z","cat","XY","DOGELE","No","False",2967,"Not really sure","Everything appeared to work well."
"436","anon8",4,"male","50","English","XY_Z","true-false","Z","ele","XY","CATDOG","No","False",3480,"Not really sure","Everything appeared to work well."
"437","anon8",5,"male","50","English","X_XorY","true-false","XorY","catorele","X","ELE","No","True",3259,"Not really sure","Everything appeared to work well."
"438","anon8",6,"male","50","English","X_XandY","true-false","XandY","catanddog","X","CAT","No","False",3345,"Not really sure","Everything appeared to work well."
"439","anon8",7,"male","50","English","X_X","true-false","X","cat","X","CAT","No","True",2722,"Not really sure","Everything appeared to work well."
"440","anon8",8,"male","50","English","XY_Z","true-false","Z","dog","XY","CATELE","No","False",2962,"Not really sure","Everything appeared to work well."
"441","anon8",9,"male","50","English","XY_XorY","true-false","XorY","catordog","XY","CATDOG","No","True",4081,"Not really sure","Everything appeared to work well."
"442","anon8",10,"male","50","English","XY_X","true-false","X","cat","XY","CATDOG","No","True",3185,"Not really sure","Everything appeared to work well."
"443","anon8",11,"male","50","English","X_XorY","true-false","XorY","dogorele","X","DOG","No","True",4081,"Not really sure","Everything appeared to work well."
"444","anon8",12,"male","50","English","X_Z","true-false","Z","cat","X","ELE","No","False",2712,"Not really sure","Everything appeared to work well."
"445","anon8",13,"male","50","English","X_X","true-false","X","dog","X","DOG","No","True",2256,"Not really sure","Everything appeared to work well."
"446","anon8",14,"male","50","English","XY_XorY","true-false","XorY","dogorele","XY","DOGELE","No","True",3024,"Not really sure","Everything appeared to work well."
"447","anon8",15,"male","50","English","X_X","true-false","X","ele","X","ELE","No","True",3649,"Not really sure","Everything appeared to work well."
"448","anon8",16,"male","50","English","XY_X","true-false","X","ele","XY","DOGELE","No","True",2714,"Not really sure","Everything appeared to work well."
"449","anon8",17,"male","50","English","X_XorY","true-false","XorY","catordog","X","CAT","No","True",2863,"Not really sure","Everything appeared to work well."
"450","anon8",18,"male","50","English","X_XandY","true-false","XandY","catandele","X","ELE","No","False",3954,"Not really sure","Everything appeared to work well."
"451","anon8",19,"male","50","English","XY_X","true-false","X","dog","XY","DOGELE","No","True",2238,"Not really sure","Everything appeared to work well."
"452","anon8",20,"male","50","English","XY_XandY","true-false","XandY","dogandele","XY","DOGELE","No","True",3170,"Not really sure","Everything appeared to work well."
"453","anon8",21,"male","50","English","XY_XandY","true-false","XandY","catandele","XY","CATELE","No","True",4993,"Not really sure","Everything appeared to work well."
"454","anon8",22,"male","50","English","X_XandY","true-false","XandY","catanddog","X","DOG","No","False",2913,"Not really sure","Everything appeared to work well."
"455","anon8",23,"male","50","English","XY_XandY","true-false","XandY","catanddog","XY","CATDOG","No","True",2641,"Not really sure","Everything appeared to work well."
"456","anon8",24,"male","50","English","X_Z","true-false","Z","dog","X","ELE","No","False",2473,"Not really sure","Everything appeared to work well."
"457","anon9",1,"female","52","English","X_XandY","true-false","XandY","catanddog","X","DOG","No","False",10654,"I really have no idea.",""
"458","anon9",2,"female","52","English","X_Z","true-false","Z","cat","X","ELE","No","False",3922,"I really have no idea.",""
"459","anon9",3,"female","52","English","X_XorY","true-false","XorY","catorele","X","CAT","No","True",5063,"I really have no idea.",""
"460","anon9",4,"female","52","English","X_X","true-false","X","ele","X","ELE","No","True",3038,"I really have no idea.",""
"461","anon9",5,"female","52","English","XY_XorY","true-false","XorY","dogorele","XY","DOGELE","No","False",13823,"I really have no idea.",""
"462","anon9",6,"female","52","English","XY_Z","true-false","Z","dog","XY","CATELE","No","False",5093,"I really have no idea.",""
"463","anon9",7,"female","52","English","X_X","true-false","X","dog","X","DOG","No","True",2243,"I really have no idea.",""
"464","anon9",8,"female","52","English","X_XorY","true-false","XorY","dogorele","X","DOG","No","True",3039,"I really have no idea.",""
"465","anon9",9,"female","52","English","XY_Z","true-false","Z","ele","XY","CATDOG","No","False",2606,"I really have no idea.",""
"466","anon9",10,"female","52","English","X_XorY","true-false","XorY","catorele","X","ELE","No","True",3101,"I really have no idea.",""
"467","anon9",11,"female","52","English","XY_XandY","true-false","XandY","catanddog","XY","CATDOG","No","True",4457,"I really have no idea.",""
"468","anon9",12,"female","52","English","X_XandY","true-false","XandY","dogandele","X","ELE","No","False",2530,"I really have no idea.",""
"469","anon9",13,"female","52","English","XY_XorY","true-false","XorY","catordog","XY","CATDOG","No","False",4479,"I really have no idea.",""
"470","anon9",14,"female","52","English","XY_X","true-false","X","cat","XY","CATDOG","No","True",9313,"I really have no idea.",""
"471","anon9",15,"female","52","English","X_Z","true-false","Z","ele","X","CAT","No","False",2035,"I really have no idea.",""
"472","anon9",16,"female","52","English","X_XandY","true-false","XandY","catandele","X","ELE","No","False",3425,"I really have no idea.",""
"473","anon9",17,"female","52","English","XY_X","true-false","X","dog","XY","CATDOG","No","True",2607,"I really have no idea.",""
"474","anon9",18,"female","52","English","XY_Z","true-false","Z","cat","XY","DOGELE","No","False",2901,"I really have no idea.",""
"475","anon9",19,"female","52","English","X_X","true-false","X","cat","X","CAT","No","True",2226,"I really have no idea.",""
"476","anon9",20,"female","52","English","XY_X","true-false","X","ele","XY","DOGELE","No","True",3723,"I really have no idea.",""
"477","anon9",21,"female","52","English","XY_XorY","true-false","XorY","catorele","XY","CATELE","No","True",4404,"I really have no idea.",""
"478","anon9",22,"female","52","English","X_Z","true-false","Z","ele","X","DOG","No","False",2723,"I really have no idea.",""
"479","anon9",23,"female","52","English","XY_XandY","true-false","XandY","dogandele","XY","DOGELE","No","True",2856,"I really have no idea.",""
"480","anon9",24,"female","52","English","XY_XandY","true-false","XandY","catandele","XY","CATELE","No","True",3131,"I really have no idea.",""
